{
  "version": "1.1.0",
  "diagrams": [
    {
      "ordinal": 0,
      "scrollPosition": {
        "x": 0,
        "y": 0
      },
      "nodes": [
        {
          "location": {
            "x": 0,
            "y": 0
          },
          "nodeIndex": "dim_estaciones",
          "size": {
            "height": 286.536,
            "width": 234
          },
          "zIndex": 3
        },
        {
          "location": {
            "x": 262.4,
            "y": 261
          },
          "nodeIndex": "ft_indicadores",
          "size": {
            "height": 248,
            "width": 234
          },
          "zIndex": 4
        },
        {
          "location": {
            "x": 615.6,
            "y": 26
          },
          "nodeIndex": "Dim_Tiempo",
          "size": {
            "height": 200,
            "width": 234
          },
          "zIndex": 2
        },
        {
          "location": {
            "x": 911.6,
            "y": 40
          },
          "nodeIndex": "Medidas",
          "size": {
            "height": 247,
            "width": 234
          },
          "zIndex": 1
        },
        {
          "location": {
            "x": 0,
            "y": 444.15599999999995
          },
          "nodeIndex": "dim_regiones",
          "size": {
            "height": 210,
            "width": 234
          },
          "zIndex": 5
        }
      ],
      "name": "Todas las tablas",
      "zoomValue": 75.13148009015778,
      "pinKeyFieldsToTop": false,
      "showExtraHeaderInfo": false,
      "hideKeyFieldsWhenCollapsed": false,
      "tablesLocked": false
    }
  ],
  "selectedDiagram": "Todas las tablas",
  "defaultDiagram": "Todas las tablas"
}